Flagyl,Metrologyl,Aristologyl,Sprot P,Metron,Unimegyl
Motrin,Gabaneuron,Gabapin ME,Gabatin Forte,Neuropill,Nuromark-G
Naprosyn,Proxidom,Naproz,Spirox,Movibon,Arthopan
Codeine,Dialex DC,Ascoril C,Grilinctus CD,Kodex,Genosedyl
Flomax,Oflox TZ,Dto,Ofal TZ,Pin OT,Nicoflox TZ
Menthol,O2,Ornof,Brakke,Nor-Metrogyl Plus,Zil-O
Actiprofen,Ordent,Oflotas-OZ,Saril,Zorno,O Cebran OZ
Topiromat,Chlorothiazide,Aripiprazole,Ivermectin,Lurasidone,Cyclosporine
Ambien,Protonix,Rifampicin,Seroquel,Nuvigil,Furosemide
Didrex,Ethambutol,Mirtazapine,Pyrazinamide,Aciphex,rifapentine
Terbutaline,Seroquel,Trazodone,Paroxetine,Contrave,Dyclonine
Solaraze,Gabapentin,Furosemide,Chlorothiazide,Oxybutynin,Klonopin
Methylin,Chantix,Ambien,Klonopin,Aripiprazole,Miconazole
